<?xml version="1.0" encoding="UTF-8"?>
<!DOCTYPE mapper
  PUBLIC "-//mybatis.org//DTD Mapper 3.0//EN"
  "http://mybatis.org/dtd/mybatis-3-mapper.dtd">
  
<mapper namespace="Bbs">

<select id="getBbsList" parameterType="bit.com.a.model.BbsParam"
	resultType="bit.com.a.model.BbsDto">

	SELECT SEQ, ID, REF, STEP, DEPTH, TITLE, CONTENT,
			WDATE, DEL, READCOUNT
	FROM (	SELECT ROW_NUMBER()OVER(ORDER BY REF DESC, STEP ASC)AS RNUM,
				SEQ, ID, REF, STEP, DEPTH, TITLE, CONTENT,
				WDATE, DEL, READCOUNT
			FROM BBS
			WHERE 1=1
			<if test="s_category != null and s_category != ''
				and s_keyword != null and s_keyword != ''">
				 AND DEL=0
				<if test="s_category == 'title'">
					AND TITLE LIKE '%'||#{s_keyword}||'%'
				</if>
				<if test="s_category == 'contents'">
					AND CONTENT LIKE '%'||#{s_keyword}||'%'
				</if>
				<if test="s_category == 'writer'">
					AND ID=#{s_keyword}
				</if>				
			</if>
		) A
	WHERE RNUM BETWEEN ${start} AND ${end}
</select>

<!-- 글의 총수 -->
<select id="getBbsCount" parameterType="bit.com.a.model.BbsParam"
	resultType="java.lang.Integer">
	SELECT NVL(COUNT(*), 0) AS CNT
	FROM BBS
	WHERE 1=1
	<if test="s_category != null and s_category != ''
		and s_keyword != null and s_keyword != ''">
		 AND DEL=0
		<if test="s_category == 'title'">
			AND TITLE LIKE '%'||#{s_keyword}||'%'
		</if>
		<if test="s_category == 'contents'">
			AND CONTENT LIKE '%'||#{s_keyword}||'%'
		</if>
		<if test="s_category == 'writer'">
			AND ID=#{s_keyword}
		</if>				
	</if>
</select>


<!-- 
<select id="getBbsList" resultType="bit.com.a.model.BbsDto">
	SELECT SEQ, ID, REF, STEP, DEPTH, TITLE, CONTENT,
			WDATE, DEL, READCOUNT
	FROM BBS
	ORDER BY REF DESC, STEP ASC
</select>	
 -->

<insert id="writeBbs" parameterType="bit.com.a.model.BbsDto">
	INSERT INTO BBS
	(SEQ,ID,REF,STEP,DEPTH,TITLE,CONTENT,WDATE,DEL,READCOUNT) 
	VALUES(	SEQ_BBS.nextval,#{id},
			(SELECT NVL(MAX(REF),0)+1 FROM BBS),
			0,0,#{title},#{content},SYSDATE,0,0)
</insert>

<select id="getBbs" parameterType="java.lang.Integer" resultType="bit.com.a.model.BbsDto">
	SELECT SEQ, ID, REF, STEP, DEPTH, TITLE, 
	CONTENT, WDATE, DEL, READCOUNT
	FROM BBS
	WHERE SEQ=#{seq}
</select>

<update id="updateBbs"
	parameterType="bit.com.a.model.BbsDto">
		UPDATE BBS SET
		TITLE=#{title}, CONTENT=#{content}, WDATE=SYSDATE
		WHERE SEQ=#{seq}
</update>

<update id="deleteBbs" parameterType="java.lang.Integer">
	UPDATE BBS
	SET DEL=1
	WHERE SEQ=#{seq}
</update>

<update id="replyBbsUpdate"
	parameterType="bit.com.a.model.BbsDto">
	UPDATE BBS 
	SET STEP=STEP+1
	WHERE REF=(SELECT REF FROM BBS WHERE SEQ=#{seq})
		AND STEP>(SELECT STEP FROM BBS WHERE SEQ=#{seq})		
</update>

<insert id="replyBbsInsert"
	parameterType="bit.com.a.model.BbsDto">
	INSERT INTO BBS
		(SEQ, ID, REF, STEP, DEPTH, 
		TITLE, CONTENT, WDATE, DEL, READCOUNT)
	VALUES(SEQ_BBS.NEXTVAL, #{id},
		(SELECT REF FROM BBS WHERE SEQ=#{seq}),
		(SELECT STEP FROM BBS WHERE SEQ=#{seq})+1,
		(SELECT DEPTH FROM BBS WHERE SEQ=#{seq})+1,
		#{title}, #{content}, SYSDATE,
		0, 0)	
</insert>

</mapper>



