<?xml version="1.0" encoding="UTF-8"?>
<!DOCTYPE mapper
  PUBLIC "-//mybatis.org//DTD Mapper 3.0//EN"
  "http://mybatis.org/dtd/mybatis-3-mapper.dtd">
  
<mapper namespace="Calendar">

<select id="getCalendar" parameterType="bit.com.a.model.CalendarDto"
	resultType="bit.com.a.model.CalendarDto">
	SELECT SEQ, ID, TITLE, CONTENT, RDATE, WDATE
	FROM (	SELECT ROW_NUMBER() OVER(PARTITION BY SUBSTR(RDATE, 1, 8)ORDER BY RDATE ASC) RNUM,
				SEQ, ID, TITLE, CONTENT, RDATE, WDATE 
			FROM CALENDAR
			WHERE ID=#{id} AND SUBSTR(RDATE, 1, 6)=#{rdate})
	WHERE RNUM BETWEEN 1 AND 5
</select>

<insert id="writeCalendar" parameterType="bit.com.a.model.CalendarDto">
	INSERT INTO CALENDAR(SEQ, ID, TITLE, CONTENT, RDATE, WDATE)
	VALUES(SEQ_CAL.NEXTVAL, #{id}, #{title}, #{content}, #{rdate}, SYSDATE)
</insert>

<select id="getDay" 
	parameterType="bit.com.a.model.CalendarDto"
	resultType="bit.com.a.model.CalendarDto">	
	SELECT SEQ, ID, TITLE, CONTENT, RDATE, WDATE
	FROM CALENDAR
	WHERE SEQ=#{seq}	
</select>

<select id="getDayList"
	parameterType="bit.com.a.model.CalendarDto"
	resultType="bit.com.a.model.CalendarDto">
	SELECT SEQ,ID, TITLE, CONTENT, 
		SUBSTR(RDATE,1,4)||'년 '||SUBSTR(RDATE,5,2)||'월 '||SUBSTR(RDATE,7,2)||'일 '
		||SUBSTR(RDATE,9,2)||'시 '||SUBSTR(RDATE,11,2)||'분 ' RDATE
		,WDATE
	FROM CALENDAR 
	WHERE ID=#{id} AND  SUBSTR(RDATE,1,8)=#{rdate}
		order by WDATE asc
</select>

<select id="getCallistmonth" parameterType="bit.com.a.model.CalendarDto" resultType="bit.com.a.model.CalendarDto">
	SELECT SEQ, ID, TITLE, CONTENT, RDATE, WDATE
    FROM CALENDAR WHERE ID=#{id} AND SUBSTR(RDATE, 1, 6)=#{rdate} 
    ORDER BY RDATE ASC
</select>

</mapper>