<?xml version="1.0" encoding="UTF-8"?>
<!DOCTYPE mapper
  PUBLIC "-//mybatis.org//DTD Mapper 3.0//EN"
  "http://mybatis.org/dtd/mybatis-3-mapper.dtd">
<mapper namespace="Poll">

<!-- 모든투표의 정보 -->
<select id="getPollAllList" resultType="bit.com.a.model.PollDto">
SELECT POLLID, ID, QUESTION, SDATE, EDATE, ITEMCOUNT, POLLTOTAL, REGDATE
FROM POLL
ORDER BY SDATE DESC
</select>

<!-- 투표를 했는지 확인 -->
<select id="isVote" parameterType="bit.com.a.model.Voter" resultType="java.lang.Integer">
SELECT NVL(COUNT(*),0)
FROM VOTER
WHERE POLLID=#{pollid} AND ID=#{id}
</select>

<!-- 투표만들기 -->

<insert id="makePoll" parameterType="bit.com.a.model.PollDto">
INSERT INTO POLL(POLLID, ID, QUESTION, SDATE, EDATE, ITEMCOUNT, POLLTOTAL, REGDATE)
VALUES(POLL_SEQ.NEXTVAL, #{id}, #{question}, #{sdate}, #{edate}, #{itemcount}, 0, SYSDATE)
</insert>

<!-- 투표 보기 --> <!--  (SELECT NVL(MAX(POLLID), 0)FROM POLL POLLTABLE의 CURRENTVAL을 얻을 수 없기때문에 -->
<insert id="makePollSub" parameterType="bit.com.a.model.PollSubDto">
INSERT INTO POLLSUB(POLLSUBID, POLLID, ANSWER, ACOUNT)
VALUES(POLLSUB_SEQ.NEXTVAL, (SELECT NVL(MAX(POLLID), 0)FROM POLL), #{answer}, 0)
</insert>


<!-- 투표하기 -->

<!-- 투표질문 -->
<select id="getPoll" parameterType="bit.com.a.model.PollDto" resultType="bit.com.a.model.PollDto">
SELECT POLLID, ID, QUESTION, SDATE, EDATE, ITEMCOUNT, POLLTOTAL, REGDATE
FROM POLL
WHERE POLLID=#{pollid}
</select>

<!-- 투표보기 -->
<select id="getPollSubList" parameterType="bit.com.a.model.PollDto" resultType="bit.com.a.model.PollSubDto">
SELECT POLLSUBID, POLLID, ANSWER, ACOUNT
FROM POLLSUB
WHERE POLLID=#{pollid}
</select>

<!-- 투표자 등록 Voter -->
<insert id="pollingVote" parameterType="bit.com.a.model.Voter">
INSERT INTO VOTER(VOTERID, POLLID, POLLSUBID, ID, REGDATE)
VALUES(VOTER_SEQ.NEXTVAL, #{pollid}, #{pollsubid}, #{id}, SYSDATE)
</insert>
<!-- 어느 투표질문에 투표를 몇멍이 했는지 -->
<update id="pollingPoll" parameterType="bit.com.a.model.Voter">
UPDATE POLL
SET POLLTOTAL=POLLTOTAL+1
WHERE POLLID=#{pollid}
</update>
<!-- 어느 보기에 투표를 했는지  count 해야함 -->
<update id="pollingSub" parameterType="bit.com.a.model.Voter">
UPDATE POLLSUB
SET ACOUNT=ACOUNT+1
WHERE POLLID=#{pollid}	AND POLLSUBID=#{pollsubid}
</update>
</mapper>